config_fn,optimizer_id
/home/numina/Documents/repos/CARP-S-Experiments/lib/CARP-S/carps/configs/optimizer/hebo/config.yaml,HEBO
/home/numina/Documents/repos/CARP-S-Experiments/lib/CARP-S/carps/configs/optimizer/scikit_optimize/BO.yaml,Scikit_Optimize
/home/numina/Documents/repos/CARP-S-Experiments/lib/CARP-S/carps/configs/optimizer/scikit_optimize/base.yaml,
/home/numina/Documents/repos/CARP-S-Experiments/lib/CARP-S/carps/configs/optimizer/scikit_optimize/BO_GP_EI.yaml,Scikit_Optimize-GP-EI
/home/numina/Documents/repos/CARP-S-Experiments/lib/CARP-S/carps/configs/optimizer/scikit_optimize/BO_GP_PI.yaml,Scikit_Optimize-GP-PI
/home/numina/Documents/repos/CARP-S-Experiments/lib/CARP-S/carps/configs/optimizer/scikit_optimize/BO_GP_LCB.yaml,Scikit_Optimize-GP-LCB
/home/numina/Documents/repos/CARP-S-Experiments/lib/CARP-S/carps/configs/optimizer/randomsearch/config.yaml,RandomSearch
/home/numina/Documents/repos/CARP-S-Experiments/lib/CARP-S/carps/configs/optimizer/nevergrad/default.yaml,Nevergrad-NGOpt
/home/numina/Documents/repos/CARP-S-Experiments/lib/CARP-S/carps/configs/optimizer/nevergrad/base.yaml,
/home/numina/Documents/repos/CARP-S-Experiments/lib/CARP-S/carps/configs/optimizer/nevergrad/DE.yaml,Nevergrad-DE
/home/numina/Documents/repos/CARP-S-Experiments/lib/CARP-S/carps/configs/optimizer/nevergrad/ES.yaml,Nevergrad-ES
/home/numina/Documents/repos/CARP-S-Experiments/lib/CARP-S/carps/configs/optimizer/nevergrad/cmaes.yaml,Nevergrad-CMA-ES
/home/numina/Documents/repos/CARP-S-Experiments/lib/CARP-S/carps/configs/optimizer/nevergrad/bayesopt.yaml,Nevergrad-BayesOpt
/home/numina/Documents/repos/CARP-S-Experiments/lib/CARP-S/carps/configs/optimizer/nevergrad/NoisyBandit.yaml,Nevergrad-NoisyBandit
/home/numina/Documents/repos/CARP-S-Experiments/lib/CARP-S/carps/configs/optimizer/nevergrad/Hyperopt.yaml,Nevergrad-Hyperopt
/home/numina/Documents/repos/CARP-S-Experiments/lib/CARP-S/carps/configs/optimizer/dehb/multifidelity.yaml,DEHB
/home/numina/Documents/repos/CARP-S-Experiments/lib/CARP-S/carps/configs/optimizer/smac20/hyperband.yaml,SMAC3-Hyperband
/home/numina/Documents/repos/CARP-S-Experiments/lib/CARP-S/carps/configs/optimizer/smac20/base.yaml,
/home/numina/Documents/repos/CARP-S-Experiments/lib/CARP-S/carps/configs/optimizer/smac20/multiobjective_rf.yaml,SMAC3-MO-RF
/home/numina/Documents/repos/CARP-S-Experiments/lib/CARP-S/carps/configs/optimizer/smac20/momf_gp.yaml,SMAC3-MOMF-GP
/home/numina/Documents/repos/CARP-S-Experiments/lib/CARP-S/carps/configs/optimizer/smac20/momf_rf.yaml,SMAC3-MOMF-RF
/home/numina/Documents/repos/CARP-S-Experiments/lib/CARP-S/carps/configs/optimizer/smac20/blackbox.yaml,SMAC3-BlackBoxFacade
/home/numina/Documents/repos/CARP-S-Experiments/lib/CARP-S/carps/configs/optimizer/smac20/multiobjective_gp.yaml,SMAC3-MO-GP
/home/numina/Documents/repos/CARP-S-Experiments/lib/CARP-S/carps/configs/optimizer/smac20/hpo.yaml,SMAC3-HPOFacade
/home/numina/Documents/repos/CARP-S-Experiments/lib/CARP-S/carps/configs/optimizer/smac20/multifidelity.yaml,SMAC3-MultiFidelityFacade
/home/numina/Documents/repos/CARP-S-Experiments/lib/CARP-S/carps/configs/optimizer/Ax/config.yaml,Ax
/home/numina/Documents/repos/CARP-S-Experiments/lib/CARP-S/carps/configs/optimizer/optuna/MO_NSGAII.yaml,Optuna-MO-NSGAII
/home/numina/Documents/repos/CARP-S-Experiments/lib/CARP-S/carps/configs/optimizer/optuna/SO_TPE.yaml,Optuna-TPE
/home/numina/Documents/repos/CARP-S-Experiments/lib/CARP-S/carps/configs/optimizer/optuna/MO_TPE.yaml,Optuna-MO-TPE
/home/numina/Documents/repos/CARP-S-Experiments/lib/CARP-S/carps/configs/optimizer/optuna/base.yaml,
/home/numina/Documents/repos/CARP-S-Experiments/lib/CARP-S/carps/configs/optimizer/synetune/BO_MO_LS.yaml,SyneTune-BO-MO-LS
/home/numina/Documents/repos/CARP-S-Experiments/lib/CARP-S/carps/configs/optimizer/synetune/BO.yaml,SyneTune-BO
/home/numina/Documents/repos/CARP-S-Experiments/lib/CARP-S/carps/configs/optimizer/synetune/base.yaml,
/home/numina/Documents/repos/CARP-S-Experiments/lib/CARP-S/carps/configs/optimizer/synetune/DEHB.yaml,SyneTune-DEHB
/home/numina/Documents/repos/CARP-S-Experiments/lib/CARP-S/carps/configs/optimizer/synetune/KDE.yaml,SyneTune-KDE
/home/numina/Documents/repos/CARP-S-Experiments/lib/CARP-S/carps/configs/optimizer/synetune/MOREA.yaml,SyneTune-MOREA
/home/numina/Documents/repos/CARP-S-Experiments/lib/CARP-S/carps/configs/optimizer/synetune/SyncMOBSTER.yaml,SyneTune-SyncMOBSTER
/home/numina/Documents/repos/CARP-S-Experiments/lib/CARP-S/carps/configs/optimizer/synetune/BO_MO_RS.yaml,SyneTune-BO-MO-RS
/home/numina/Documents/repos/CARP-S-Experiments/lib/CARP-S/carps/configs/optimizer/synetune/BORE.yaml,SyneTune-BORE
